Name,Map,MapSize,Gamemode,Region,Players,QueuePlayers,MaxPlayers,Hz,DayNight,IsOfficial,HasPassword,AntiCheat,Build
186-LD-02,Azagor,Medium,RUSH,America_Central,61,2,64,60,Day,True,False,EAC,Production 2.0.2
190-JD-00,Wakistan,Ultra,CONQ,Europe_Central,249,5,254,60,Day,True,False,EAC,Production 2.0.2
194-BX-00,Wakistan,Ultra,CONQ,Australia_Central,254,0,254,60,Day,True,False,EAC,Production 2.0.2
177-89-00,Basra,Ultra,CONQ,Europe_Central,250,4,254,60,Day,True,False,EAC,Production 2.0.2
[E4GL] DevServer,Salhan,Tiny,TDM,Europe_Central,0,0,36,120,Day,False,True,EAC,Production 2.0.2 - Community Servers
190-J7-00,Valley,Medium,RUSH,Europe_Central,64,0,64,60,Day,True,False,EAC,Production 2.0.2
[TLR] PUGS #1 | discord.gg/tlr,Azagor,Small,TDM,Europe_Central,0,0,32,240,Day,False,True,EAC,Production 2.0.2
[JPN] FPS Syndrome Test Server,District,Small,RUSH,Japan_Central,1,0,32,120,Day,False,True,EAC,Production 2.0.2 - Community Servers
190-JN-00,TensaTown,Big,CONQ,Europe_Central,127,1,128,60,Day,True,False,EAC,Production 2.0.2
190-JY-00,Azagor,Medium,RUSH,Europe_Central,61,3,64,60,Day,True,False,EAC,Production 2.0.2
185-LV-03,Basra,Ultra,FRONTLINE,America_Central,251,3,254,60,Day,True,False,EAC,Production 2.0.2
177-JC-00,WineParadise,Ultra,CONQ,Europe_Central,245,9,254,60,Day,True,False,EAC,Production 2.0.2
177-J7-00,District,Medium,RUSH,Europe_Central,64,0,64,60,Day,True,False,EAC,Production 2.0.2
[TLR] The Last Rifles [EU2] | discord.gg/tlr,Wakistan,Ultra,CONQ,Europe_Central,187,5,254,240,Day,False,False,EAC,Production 2.0.2
177-8Z-00,TensaTown,Medium,DOMI,Europe_Central,60,4,64,60,Day,True,False,EAC,Production 2.0.2
[TLR] The Last Rifles [EU5] | discord.gg/tlr,Isle,Medium,DOMI,Europe_Central,64,0,64,240,Day,False,False,EAC,Production 2.0.2
[TLR] Battlebit Blitz [EU #2] | discord.gg/tlr,Azagor,Small,TDM,Europe_Central,0,0,32,240,Day,False,True,EAC,Production 2.0.2
april,Azagor,Ultra,CONQ,America_Central,0,0,254,60,Day,False,True,EAC,Production 2.0.2 - Community Servers
190-JC-00,Salhan,Ultra,CONQ,Europe_Central,252,2,254,60,Day,True,False,EAC,Production 2.0.2
 [01][144Hz][Cla BR] Sem Chorar [127vs127],Eduardovo,Ultra,FRONTLINE,Brazil_Central,87,0,254,144,Day,False,False,EAC,Production 2.0.2
177-JD-00,Azagor,Big,DOMI,Europe_Central,125,1,128,60,Day,True,False,EAC,Production 2.0.2
172-JR-00,Frugis,Medium,DOMI,Japan_Central,64,0,64,60,Day,True,False,EAC,Production 2.0.2
172-2G-00,Wakistan,Medium,DOMI,Japan_Central,55,5,64,60,Day,True,False,EAC,Production 2.0.2
[@Nikooo777] EliteHunterZ Test server (Admin Tools),District,Small,RUSH,Europe_Central,0,0,32,120,Day,False,False,EAC,Production 2.0.2 - Community Servers
orell12 Dev Server,Isle,Medium,DOMI,Europe_Central,0,0,64,120,Day,False,True,EAC,Production 2.0.2 - Community Servers
Battle Boss Bit,Azagor,Tiny,TDM,America_Central,0,0,36,60,Day,False,True,EAC,Production 2.0.2 - Community Servers
194-J4-01,Eduardovo,Ultra,FRONTLINE,Australia_Central,252,2,254,60,Day,True,False,EAC,Production 2.0.2
Carley YOU SUGGEST GAMEMODES [discord.gg/Carley],Azagor,Ultra,CONQ,America_Central,0,0,254,120,Day,False,True,EAC,Production 2.0.2 - Community Servers
 [02][144Hz][Cla BR] Sem Chorar [64vs64],Azagor,Big,FRONTLINE,Brazil_Central,0,0,128,144,Day,False,False,EAC,Production 2.0.2
172-P-00,Dustydew,Medium,DOMI,Japan_Central,63,0,64,60,Day,True,False,EAC,Production 2.0.2
BBRC Test Server 1,Azagor,Tiny,TDM,America_Central,0,0,16,120,Day,False,False,EAC,Production 2.0.1 - Community Servers
[bloodisgood.eu] Zombies,Azagor,Big,FRONTLINE,Europe_Central,0,0,128,60,Day,False,True,EAC,Production 2.0.2 - Community Servers
177-8Q-00,Namak,Medium,RUSH,Europe_Central,63,1,64,60,Day,True,False,EAC,Production 2.0.2
172-BX-00,Wakistan,Ultra,CONQ,Japan_Central,253,1,254,60,Day,True,False,EAC,Production 2.0.2
Sledmore's Mini Game Server,WineParadise,Small,TDM,Europe_Central,0,0,32,120,Day,False,True,EAC,Production 2.0.1 - Community Servers
[KERM] Test,SandySunset,Ultra,FRONTLINE,America_Central,0,0,254,144,Day,False,True,EAC,Production 2.0.2 - Community Servers
194-J4-00,Eduardovo,Ultra,CONQ,Australia_Central,254,0,254,60,Day,True,False,EAC,Production 2.0.2
189-8N-00,Azagor,Big,CONQ,Europe_Central,126,2,128,60,Day,True,False,EAC,Production 2.0.2
[TLR] Battlebit League #1 | discord.gg/tlr,Azagor,Small,TDM,Europe_Central,0,0,32,240,Day,False,True,EAC,Production 2.0.2
 [03][144Hz][Cla BR] Sem Chorar [32vs32],District,Medium,CaptureTheFlag,Brazil_Central,2,0,64,144,Day,False,False,EAC,Production 2.0.2
194-BX-01,Salhan,Ultra,CONQ,Australia_Central,254,0,254,60,Day,True,False,EAC,Production 2.0.2
 [04][240Hz][Cla BR] Sem Chorar [16vs16],Azagor,Small,TDM,Brazil_Central,0,0,32,240,Day,False,False,EAC,Production 2.0.2
177-J8-00,Azagor,Medium,RUSH,Europe_Central,63,1,64,60,Day,True,False,EAC,Production 2.0.2
177-8Q-01,Salhan,Ultra,DOMI,Europe_Central,103,9,254,60,Day,True,False,EAC,Production 2.0.2
177-JP-00,WineParadise,Big,CONQ,Europe_Central,125,3,128,60,Day,True,False,EAC,Production 2.0.2
186-L8-00,TensaTown,Medium,RUSH,America_Central,48,0,64,60,Day,True,False,EAC,Production 2.0.2
186-LC-01,Wakistan,Ultra,CONQ,America_Central,194,1,254,60,Day,True,False,EAC,Production 2.0.2
24/7 Voxel Gamemode Testing,VoxelLand,Ultra,VoxelFortify,Developer_Server,3,0,254,60,Day,True,False,EAC,Production 2.0.2
Lonely Test,Azagor,Tiny,TDM,Europe_Central,0,0,36,240,Day,False,True,EAC,Production 2.0.2 - Community Servers
BattleBitFriends | Discord.gg/BBFriends,Azagor,Ultra,CONQ,America_Central,0,0,254,120,Day,False,True,EAC,Production 2.0.2
172-J1-00,SandySunset,Ultra,CONQ,Japan_Central,251,3,254,60,Day,True,False,EAC,Production 2.0.2
[TLR] Battlebit Blitz [EU #1] | discord.gg/tlr,Azagor,Small,TDM,Europe_Central,0,0,32,240,Day,False,True,EAC,Production 2.0.2
[TLR] The Last Rifles [EU1] | discord.gg/tlr,SandySunset,Ultra,CONQ,Europe_Central,253,1,254,240,Day,False,False,EAC,Production 2.0.2
190-8Z-00,Salhan,Big,DOMI,Europe_Central,126,2,128,60,Day,True,False,EAC,Production 2.0.2
190-8Q-01,Frugis,Medium,DOMI,Europe_Central,62,2,64,60,Day,True,False,EAC,Production 2.0.2
194-2R-00,TensaTown,Ultra,CONQ,Australia_Central,249,4,254,60,Day,True,False,EAC,Production 2.0.2
LifeSteal GunGame (WIP) [@DasIschBims],Azagor,Small,TDM,Europe_Central,0,0,32,240,Day,False,False,EAC,Production 2.0.2 - Community Servers
190-JP-00,TensaTown,Ultra,CONQ,Europe_Central,250,3,254,60,Day,True,False,EAC,Production 2.0.2
177-8V-03,WineParadise,Big,CONQ,Europe_Central,125,2,128,60,Day,True,False,EAC,Production 2.0.2
[CN]兰博电竞开发服务器 群:887245025,District,Big,DOMI,Asia_Central,0,0,128,240,Day,False,True,EAC,Production 2.0.2 - Community Servers
[TLR] Battlebit League #2 | discord.gg/tlr,Azagor,Small,TDM,Europe_Central,0,0,32,240,Day,False,True,EAC,Production 2.0.2
174-J2-01,Salhan,Big,DOMI,America_Central,97,3,128,60,Day,True,False,EAC,Production 2.0.2
174-JM-01,Wakistan,Ultra,CONQ,America_Central,254,0,254,60,Day,True,False,EAC,Production 2.0.2
186-LC-02,Namak,Medium,DOMI,America_Central,48,3,64,60,Day,True,False,EAC,Production 2.0.2
[ASMR]小游戏循环 QUN:644195819,Construction,Tiny,TDM,Asia_Central,19,0,36,120,Day,False,True,EAC,Production 2.0.2 - Community Servers
172-BZ-00,Namak,Ultra,DOMI,Japan_Central,253,1,254,60,Day,True,False,EAC,Production 2.0.2
190-JY-01,Wakistan,Big,DOMI,Europe_Central,126,2,128,60,Day,True,False,EAC,Production 2.0.2
190-8Q-00,TensaTown,Medium,RUSH,Europe_Central,63,1,64,60,Day,True,False,EAC,Production 2.0.2
176-JR-02,Construction,Big,DOMI,America_Central,99,0,128,60,Day,True,False,EAC,Production 2.0.2
177-JD-01,Lonovo,Medium,RUSH,Europe_Central,63,1,64,60,Day,True,False,EAC,Production 2.0.2
177-JN-00,Namak,Medium,RUSH,Europe_Central,63,1,64,60,Day,True,False,EAC,Production 2.0.2
190-8V-00,SandySunset,Big,CONQ,Europe_Central,125,3,128,60,Day,True,False,EAC,Production 2.0.2
[TLR] The Last Rifles [EU3] | discord.gg/tlr,Salhan,Ultra,CONQ,Europe_Central,250,4,254,240,Day,False,False,EAC,Production 2.0.2
172-BP-00,Namak,Ultra,DOMI,Japan_Central,253,1,254,60,Day,True,False,EAC,Production 2.0.2
172-2R-00,Namak,Ultra,DOMI,Japan_Central,248,6,254,60,Day,True,False,EAC,Production 2.0.2
[CUSTOM GAMEMODE] [io] THE CLONE,Azagor,Ultra,CONQ,Europe_Central,0,0,254,120,Day,False,False,EAC,Production 2.0.1 - Community Servers
Abusement Park | 24/7 Rush | 32v32 | Random Game Modifiers | discord.gg/,Dustydew,Tiny,TDM,Europe_Central,0,0,36,60,Day,False,True,EAC,Production 2.0.2 - Community Servers
194-2G-00,TensaTown,Ultra,CONQ,Australia_Central,254,0,254,60,Day,True,False,EAC,Production 2.0.2
UNITED-GAMING [https://discord.gg/KsfM3Ymcve],TensaTown,Ultra,CONQ,Europe_Central,9,0,254,60,Day,False,True,EAC,Production 2.0.1 - Community Servers
172-B6-00,Salhan,Ultra,DOMI,Japan_Central,249,4,254,60,Day,True,False,EAC,Production 2.0.2
[TLR] The Last Rifles [EU6] | discord.gg/tlr,Basra,Small,TDM,Europe_Central,0,0,32,240,Day,False,False,EAC,Production 2.0.2
Modest Escalation (Team Gun Game),WineParadise,Tiny,TDM,America_Central,0,0,36,240,Day,False,False,EAC,Production 2.0.2 - Community Servers
[TLR] The Last Rifles [EU4] | discord.gg/tlr,Salhan,Big,CONQ,Europe_Central,115,9,128,240,Day,False,False,EAC,Production 2.0.2
190-J8-00,District,Ultra,CONQ,Europe_Central,224,16,254,60,Day,True,False,EAC,Production 2.0.2
Gun Game Test,Salhan,Tiny,TDM,Europe_Central,0,0,32,120,Day,False,True,EAC,Production 2.0.2 - Community Servers
